{"X1": 208.43423263907016, "X2": 0.2110806544298868, "X3": 103.76665614467014, "X4": 2.23481237287937, "X5": 0.948}
Iteration: 92 bestvalit: 0.202706 bestmemit:  217.370810    0.555919   97.364349    2.175270    0.949965